jperez0,Judy,Perez,jperez0@digg.com,66,2015/06/29
fwells1,Fred,Wells,fwells1@seesaa.net,47,2015/09/13
coliver2,Christina,Oliver,coliver2@businessinsider.com,57,2015/05/14
vharris3,Victor,Harris,vharris3@godaddy.com,90,2016/02/16
crose4,Christopher,Rose,crose4@foxnews.com,69,2015/07/18
rmorris5,Ryan,Morris,rmorris5@wiley.com,90,2016/01/14
rbryant6,Rachel,Bryant,rbryant6@shareasale.com,90,2016/01/25
wbishop7,Walter,Bishop,wbishop7@a8.net,59,2015/04/29
pfernandez8,Phillip,Fernandez,pfernandez8@domainmarket.com,51,2015/07/22
swalker9,Steven,Walker,swalker9@whitehouse.gov,67,2015/10/30
pharta,Phillip,Hart,pharta@simplemachines.org,60,2016/01/11
rbarnesb,Rachel,Barnes,rbarnesb@sun.com,77,2015/10/15
gparkerc,Gloria,Parker,gparkerc@tinyurl.com,82,2015/05/16
lmarshalld,Lisa,Marshall,lmarshalld@163.com,52,2016/01/04
msnydere,Mary,Snyder,msnydere@yahoo.co.jp,86,2015/05/31
jmartinezf,Joan,Martinez,jmartinezf@sohu.com,86,2015/05/28
malvarezg,Matthew,Alvarez,malvarezg@weather.com,68,2015/05/25
mmillerh,Margaret,Miller,mmillerh@diigo.com,57,2015/10/30
vgriffini,Virginia,Griffin,vgriffini@youtube.com,97,2016/03/19
bsimpsonj,Barbara,Simpson,bsimpsonj@usatoday.com,72,2015/11/23
rreidk,Robin,Reid,rreidk@nhs.uk,77,2015/04/27
twalkerl,Timothy,Walker,twalkerl@virginia.edu,61,2015/11/15
anguyenm,Antonio,Nguyen,anguyenm@chicagotribune.com,77,2015/11/26
dmoralesn,Diane,Morales,dmoralesn@biblegateway.com,53,2015/08/11
fkimo,Frances,Kim,fkimo@baidu.com,58,2015/08/09
astephensp,Alan,Stephens,astephensp@nature.com,91,2015/08/02
pmeyerq,Phillip,Meyer,pmeyerq@people.com.cn,55,2015/06/21
jgomezr,Jean,Gomez,jgomezr@jigsy.com,50,2015/04/05
jmoores,Jesse,Moore,jmoores@etsy.com,73,2016/03/11
rmcdonaldt,Ryan,Mcdonald,rmcdonaldt@typepad.com,88,2015/08/24
smontgomeryu,Shawn,Montgomery,smontgomeryu@trellian.com,59,2016/01/16
hbishopv,Harold,Bishop,hbishopv@dedecms.com,51,2015/08/16
dmitchellw,Dennis,Mitchell,dmitchellw@sina.com.cn,93,2015/04/21
rhunterx,Ryan,Hunter,rhunterx@wp.com,49,2015/05/30
jharpery,Judy,Harper,jharpery@ask.com,57,2015/11/20
rberryz,Richard,Berry,rberryz@java.com,61,2015/11/23
jjacobs10,Julia,Jacobs,jjacobs10@arstechnica.com,46,2015/05/17
karnold11,Kathryn,Arnold,karnold11@e-recht24.de,89,2015/10/14
pedwards12,Patrick,Edwards,pedwards12@ifeng.com,69,2015/11/28
jcoleman13,Jean,Coleman,jcoleman13@independent.co.uk,45,2015/10/14
mpatterson14,Margaret,Patterson,mpatterson14@google.ru,62,2015/09/05
bmills15,Brian,Mills,bmills15@clickbank.net,57,2015/10/18
pmurray16,Phillip,Murray,pmurray16@ning.com,93,2015/11/02
aalvarez17,Alan,Alvarez,aalvarez17@twitter.com,54,2015/10/30
jfrazier18,Jack,Frazier,jfrazier18@yolasite.com,82,2016/02/10
creed19,Clarence,Reed,creed19@gizmodo.com,77,2015/07/26
ahill1a,Albert,Hill,ahill1a@ocn.ne.jp,51,2015/12/24
rthompson1b,Randy,Thompson,rthompson1b@alibaba.com,47,2015/05/13
lward1c,Lawrence,Ward,lward1c@accuweather.com,49,2016/02/25
emedina1d,Evelyn,Medina,emedina1d@ucsd.edu,68,2015/03/21
pcarpenter1e,Patrick,Carpenter,pcarpenter1e@latimes.com,98,2015/04/28
jmills1f,Jeffrey,Mills,jmills1f@xing.com,48,2015/04/23
blarson1g,Bonnie,Larson,blarson1g@dion.ne.jp,87,2016/02/26
jgriffin1h,James,Griffin,jgriffin1h@go.com,69,2015/05/24
sthompson1i,Samuel,Thompson,sthompson1i@pbs.org,89,2015/12/18
htaylor1j,Henry,Taylor,htaylor1j@uiuc.edu,76,2016/02/23
pmontgomery1k,Peter,Montgomery,pmontgomery1k@mozilla.org,71,2016/01/07
afreeman1l,Aaron,Freeman,afreeman1l@tripadvisor.com,69,2015/04/30
kkelly1m,Kenneth,Kelly,kkelly1m@google.com.br,98,2015/04/11
pwatkins1n,Phyllis,Watkins,pwatkins1n@businessweek.com,80,2015/05/13
vkelley1o,Victor,Kelley,vkelley1o@ebay.com,72,2015/07/30
wpeterson1p,William,Peterson,wpeterson1p@mit.edu,65,2015/04/16
wjones1q,Willie,Jones,wjones1q@naver.com,65,2015/04/05
mreed1r,Melissa,Reed,mreed1r@intel.com,56,2015/06/16
rnelson1s,Ralph,Nelson,rnelson1s@quantcast.com,57,2015/11/13
hgriffin1t,Howard,Griffin,hgriffin1t@nhs.uk,62,2016/02/11
lharper1u,Laura,Harper,lharper1u@pagesperso-orange.fr,55,2015/07/04
awilliams1v,Adam,Williams,awilliams1v@mozilla.com,99,2015/04/28
lsanders1w,Laura,Sanders,lsanders1w@tumblr.com,76,2015/05/10
cgomez1x,Christopher,Gomez,cgomez1x@jalbum.net,70,2015/07/17
jhernandez1y,Joe,Hernandez,jhernandez1y@springer.com,65,2015/11/08
iblack1z,Irene,Black,iblack1z@java.com,58,2015/12/14
rreid20,Ronald,Reid,rreid20@kickstarter.com,81,2015/12/21
nortiz21,Nancy,Ortiz,nortiz21@usgs.gov,56,2015/10/06
mduncan22,Mary,Duncan,mduncan22@ucsd.edu,55,2015/10/08
jsanders23,Joyce,Sanders,jsanders23@mail.ru,83,2015/06/06
cward24,Cynthia,Ward,cward24@wikipedia.org,71,2015/03/31
smurray25,Sandra,Murray,smurray25@goo.gl,49,2015/09/26
chanson26,Christopher,Hanson,chanson26@shutterfly.com,85,2015/09/25
lmason27,Linda,Mason,lmason27@cbc.ca,76,2015/11/08
rhughes28,Rachel,Hughes,rhughes28@a8.net,56,2015/08/03
ajenkins29,Antonio,Jenkins,ajenkins29@sakura.ne.jp,80,2015/04/10
srose2a,Shawn,Rose,srose2a@ameblo.jp,60,2015/06/03
ssims2b,Sean,Sims,ssims2b@cnet.com,73,2015/08/18
egeorge2c,Evelyn,George,egeorge2c@amazon.com,51,2015/07/01
lrice2d,Laura,Rice,lrice2d@kickstarter.com,85,2015/06/28
pmoore2e,Philip,Moore,pmoore2e@flickr.com,78,2015/07/28
prose2f,Paula,Rose,prose2f@squidoo.com,48,2016/02/26
sgarza2g,Sandra,Garza,sgarza2g@senate.gov,88,2015/05/01
hlong2h,Helen,Long,hlong2h@noaa.gov,70,2015/11/02
ajames2i,Andrew,James,ajames2i@whitehouse.gov,47,2015/03/29
candrews2j,Clarence,Andrews,candrews2j@yellowbook.com,83,2015/10/22
jrichards2k,Judy,Richards,jrichards2k@cyberchimps.com,69,2015/10/18
dsims2l,Donald,Sims,dsims2l@miitbeian.gov.cn,75,2016/01/08
kcampbell2m,Kathryn,Campbell,kcampbell2m@foxnews.com,87,2015/03/29
wburke2n,William,Burke,wburke2n@apple.com,63,2015/05/15
lbowman2o,Laura,Bowman,lbowman2o@theatlantic.com,46,2016/01/19
rwilliams2p,Ruby,Williams,rwilliams2p@wired.com,64,2015/07/03
dlee2q,Doris,Lee,dlee2q@yahoo.com,56,2015/10/13
jcrawford2r,Johnny,Crawford,jcrawford2r@themeforest.net,71,2016/02/24
